__time,/tf/camera_color_optical_frame/tag36h11:1/header/stamp,/tf/camera_color_optical_frame/tag36h11:1/rotation/w,/tf/camera_color_optical_frame/tag36h11:1/rotation/x,/tf/camera_color_optical_frame/tag36h11:1/rotation/y,/tf/camera_color_optical_frame/tag36h11:1/rotation/z,/tf/camera_color_optical_frame/tag36h11:1/translation/x,/tf/camera_color_optical_frame/tag36h11:1/translation/y,/tf/camera_color_optical_frame/tag36h11:1/translation/z
1688068730.570077,1688068730.516561270,0.074969573,0.997074629,-0.004763487,0.014108768,2.491820321,0.754927269,18.634851903
1688068730.971493,1688068730.915842295,0.071024545,0.997404665,-0.003434318,0.011298375,2.475721807,0.749133262,18.523502873
1688068733.841739,1688068733.777500868,0.072387259,0.997218625,-0.004694939,0.017118860,2.490841652,0.754616256,18.626621781
