__time,/tf/camera_color_optical_frame/tag36h11:1/header/stamp,/tf/camera_color_optical_frame/tag36h11:1/rotation/w,/tf/camera_color_optical_frame/tag36h11:1/rotation/x,/tf/camera_color_optical_frame/tag36h11:1/rotation/y,/tf/camera_color_optical_frame/tag36h11:1/rotation/z,/tf/camera_color_optical_frame/tag36h11:1/translation/x,/tf/camera_color_optical_frame/tag36h11:1/translation/y,/tf/camera_color_optical_frame/tag36h11:1/translation/z
1688064727.054555,1688064727.013784647,-0.450805025,0.688516703,-0.066463080,-0.496795985,0.508777661,0.157906300,3.851176372
1688064728.587929,1688064728.538483858,-0.423998635,0.745361313,-0.059747092,-0.464117219,0.665763455,0.205952080,5.037048010
1688064728.792023,1688064728.738794804,-0.447135350,0.664386235,-0.070036679,-0.519148976,0.412785051,0.128222271,3.125198792
1688064728.891007,1688064728.838965654,-0.436951859,0.694872529,-0.065046746,-0.503430151,0.505342178,0.156772243,3.825054935
1688064731.959351,1688064731.908338308,-0.395987305,0.752201354,-0.058110955,-0.481017186,0.641069953,0.198336615,4.850306968
